{"a": 0.6381505325381466, "b": 0.16849006674829178, "i": 0.7473307265953105, "l": 0.44959648222020354, "t": 0.5917295311821162, "e": 1.0, "s": 0.77367457903814, "y": 0.13752517871953868, "o": 0.5267980567952921, "u": 0.28840001579841223, "v": 0.087641692009953, "n": 0.6049607014495043, "c": 0.35105388575114865, "d": 0.33168766538962835, "m": 0.2304856695235462, "p": 0.2513395737061759, "g": 0.2623326355701252, "r": 0.6285398317469094, "h": 0.1936490382716537, "q": 0.015706254854720433, "j": 0.015429782640177995, "f": 0.12126597943573338, "w": 0.07901839198493885, "k": 0.08054557183669708, "z": 0.03642850560185368, "x": 0.023618626328054032}