{"a": 0.08050738408185312, "b": 0.01816713114818265, "i": 0.08914277718195411, "l": 0.05384479141387651, "t": 0.06630775357950854, "e": 0.10935212656860366, "s": 0.08152824856545667, "y": 0.01874275878535474, "o": 0.07126064654261358, "u": 0.036393953390062704, "v": 0.009406729241198989, "n": 0.0714903593990966, "c": 0.04264341519167691, "d": 0.03188972217220783, "m": 0.029704392090245106, "p": 0.03235673158970104, "g": 0.02439359720058556, "r": 0.0700900650535067, "h": 0.026036080819783782, "q": 0.0016586295707721093, "j": 0.001512092828457582, "f": 0.011372376527504873, "w": 0.006711578506509265, "k": 0.00802649501726149, "z": 0.004522578890097932, "x": 0.002937584643927948}